{
    "MonitorWindow": true,
    "WindowPrefix": "\u30a6\u30a3\u30f3\u30c9\u30a6 \u30d7\u30ed\u30b8\u30a7\u30af\u30bf\u30fc",
    "image": "images/me.png",
    "view": [
        410,
        215,
        50,
        50
    ],
    "thresh": 0.8,
    "white_delay": 0.0,
    "advance_delay": 0,
    "advance_delay_2": 0,
    "npc": 0,
    "pokemon_npc": 0,
    "timeline_npc": 0,
    "crop": [
        0,
        0,
        0,
        0
    ],
    "camera": 0,
    "display_percent": 80
}